Id,giata_id,NAME,city_code,city_name,country_code,long_desc,latitude,longitude,rating,address,main_image
OT000749265,749264,Tribeca Serviced Hotel by Millennium,69192,Kuala lumpur,119,\N,3.14641126,101.7156916,3,215 Jalan Imbi 55100 Kuala Lumpur,\N
OT000731476,731475,Four Seasons Hotel Kuala Lumpur,69192,Kuala lumpur,119,\N,3.158247472,101.7139015,5,Four Seasons Place 145 Jalan Ampang,\N
OT000246199,246198,Villa Samadhi,69192,Kuala lumpur,119,\N,3.156098,101.726164,4.5,8 Jalan Madge Kuala Lumpur 55000,\N
OT000431517,431516,Hotel Transit Kuala Lumpur,69192,Kuala lumpur,119,\N,3.146001,101.701469,3,42 Jalan Pudu 55100 Kuala Lumpur,\N
OT000433156,433155,Ramada Suites by Wyndham Kuala Lumpur City Centre,69192,Kuala lumpur,119,\N,3.148548894,101.7076375,4,1 Lorong Ceylon Bukit Ceylon,\N
OT000433771,433770,The Grand Campbell Hotel,69192,Kuala lumpur,119,\N,3.156727082,101.6967551,3,Jalan Dang Wangi 50100 Kuala Lumpur,\N
OT000719496,719495,Alila Bangsar Kuala Lumpur,69192,Kuala lumpur,119,\N,3.127731652,101.6801436,5,58 Jalan Ang Seng Bangsar,\N
OT000856094,856093,Tamu Hotel & Suite Kuala Lumpur,69192,Kuala lumpur,119,\N,3.16349429,101.7027816,4,120 Jalan Raja Abdullah Kampong Bharu,\N
OT001083798,1083797,M Palace Hotel KL,69192,Kuala lumpur,119,\N,3.15412129,101.696686,3,97 Jalan Tuanku Abdul Rahman 50100 Kuala Lumpur,\N
OT000748848,748847,Ramada Encore by Wyndham Chinatown Kuala Lumpur,69192,Kuala lumpur,119,\N,3.14645827,101.7004832,3,3-1 Jalan Pudu Lama Seksyen 19,\N
OT000227380,227379,Anggun Kuala Lumpur,69192,Kuala lumpur,119,\N,3.145469,101.70715,4,"7 & 9, Tengkat Tong Shin 50200 Kuala Lumpur",\N
OT000085715,85714,Ibis Styles Kuala Lumpur Bukit Bintang,69192,Kuala lumpur,119,\N,3.1451172,101.707632,3,16 Jalan Alor Bukit Bintang,\N
OT000571107,571106,Hotel ibis Styles Kuala Lumpur Sri Damansara,69192,Kuala lumpur,119,\N,3.197735452,101.6077212,3,5 Jalan Cempaka SD 12/5 Bandar Sri Damansara PJU 9,\N
OT000571387,571386,Mercure Kuala Lumpur Shaw Parade,69192,Kuala lumpur,119,\N,3.140001461,101.7120415,4,152 Jalan Changkat Thambi Dollah 55100 Kuala Lumpu,\N
OT000854766,854765,Kingston Hotel 8 Kuala Lumpur Bukit Bintang,69192,Kuala lumpur,119,\N,3.14437604,101.7063112,3,136 Jalan Pudu 55100 Kuala Lumpur,\N
OT001318083,1318082,Santa Grand Classic Chinatown,69192,Kuala lumpur,119,\N,3.14584681,101.6960347,3,1 and 3 Lebuh Pudu Laluan Kasturi,\N
OT000046584,46583,Pullman Kuala Lumpur City Center Hotel & Residences,69192,Kuala lumpur,119,\N,3.150339625,101.7144513,5,4 Jalan Conlay 50450 Kuala Lumpur,\N
OT000086936,86935,The Pearl Hotel Kuala Lumpur,69192,Kuala lumpur,119,\N,3.084931669,101.6736549,4,Batu 5 Jalan Klang Lama,\N
OT000134306,134305,"Silka Maytower, Kuala Lumpur",69192,Kuala lumpur,119,\N,3.154157,101.69858,3,7 Jalan Munshi Abdullah 50100 Kuala Lumpur,\N
OT000159592,159591,STEG Kuala Lumpur,69192,Kuala lumpur,119,\N,3.163364753,101.6953996,4,51 Jalan Tiong Nam Off Jalan Raja Laut,\N
OT000201661,201660,Cormar Suites,69192,Kuala lumpur,119,\N,3.154338104,101.7087597,4,10 Jalan Perak Lot 163,\N
OT000203195,203194,Metrostar Hotel Kuala Lumpur,69192,Kuala lumpur,119,\N,3.154166702,101.6977009,3,149 Jalan Masjid India Wilayah Persekutuan,\N
OT000232177,232176,PARKROYAL Serviced Suites Kuala Lumpur,69192,Kuala lumpur,119,\N,3.148974,101.708808,4.5,1 Jalan Nagasari Off Jalan Raja Chulan,\N
OT000236668,236667,Somerset Kuala Lumpur,69192,Kuala lumpur,119,\N,3.160017,101.723042,4,187 Jalan Ampang 50450 Kuala Lumpur,\N
OT000238355,238354,Sentral Pudu,69192,Kuala lumpur,119,\N,3.139257,101.709843,3,No.310 Jalan Pudu Off Bukit Bintang,\N
OT000239395,239394,Furama Bukit Bintang,69192,Kuala lumpur,119,\N,3.140026251,101.710433,4,136 Jalan Changkat Thambi Dollah 55100 Kuala Lumpu,\N
OT000259502,259501,The Maple Suite,69192,Kuala lumpur,119,\N,3.1497665,101.7051333,3,No.1 Changkat Raja Chulan Menara Maplelee,\N
OT000259790,259789,Wyndham Grand Bangsar Kuala Lumpur,69192,Kuala lumpur,119,\N,3.115972967,101.6634411,5,1 Jalan Pantai Jaya Tower 3,\N
OT000262292,262291,Sunway Putra,69192,Kuala lumpur,119,\N,3.166368,101.692784,5,9th Floor Sunway Putra Place 100 Jalan Putra,\N
OT000277877,277876,Travelodge Chinatown Kuala Lumpur,69192,Kuala lumpur,119,\N,3.1439397,101.6955239,3,7 Jalan Hang Kasturi Wilayah Persekutuan,\N
OT000277881,277880,My Hotel @ Bukit Bintang,69192,Kuala lumpur,119,\N,3.144649,101.70599,2,120 Jalan Pudu Bukit Bintang,\N
OT000300534,300533,E&O Residences Kuala Lumpur,69192,Kuala lumpur,119,\N,3.15068,101.710366,4.5,1 Jalan Tengah Off Jalan Sultan Ismail,\N
OT000311090,311089,Upper View Regalia Hotel,69192,Kuala lumpur,119,\N,3.163987,101.692607,3.5,2 Jalan Anjung Putra Off Jalan Sultan Ismail,\N
OT000363757,363756,Arenaa Star Hotel Kuala Lumpur,69192,Kuala lumpur,119,\N,3.148818,101.6988,3,49-51 Jalan Hang Lekiu 50100 Kuala Lumpur,\N
OT000391873,391872,Lanson Place Bukit Ceylon Serviced Residences,69192,Kuala lumpur,119,\N,3.14776502,101.7040889,4,10 Jalan Ceylon 50200 Kuala Lumpur,\N
OT000410344,410343,WOLO Kuala Lumpur,69192,Kuala lumpur,119,\N,3.147234575,101.7113566,4,Corner of Jalan Bukit Bintang and Jalan Sultan Ism,\N
OT000412050,412049,Hotel Pudu Plaza Kuala Lumpur,69192,Kuala lumpur,119,\N,3.137557712,101.7133836,3,1 Jalan 1/77 C Off Jalan Pudu,\N
OT000414584,414583,Metro Hotel Bukit Bintang,69192,Kuala lumpur,119,\N,3.142629677,101.7081164,3,No. 208 Jalan Pudu _ Imbi Bukit Bintang,\N
OT000417784,417783,Ascott Sentral Kuala Lumpur,69192,Kuala lumpur,119,\N,3.130916,101.685168,4,No. 211 Jalan Tun Sambanthan KL Sentral,\N
OT000417790,417789,Silka Cheras Kuala Lumpur,69192,Kuala lumpur,119,\N,3.078867,101.744206,3,KM10 Jalan Cheras 56000 Kuala Lumpur,\N
OT000418203,418202,Metro Hotel @ KL Sentral,69192,Kuala lumpur,119,\N,3.133041263,101.6889263,2,3 Jalan Thambypillai Brickfields,\N
OT000418205,418204,Sakura Elite Hotel Kuala Lumpur,69192,Kuala lumpur,119,\N,3.145890088,101.7019708,3,50 Jalan Pudu 55100 Kuala Lumpur,\N
OT000418206,418205,Pacific Express Hotel Central Market,69192,Kuala lumpur,119,\N,3.146750448,101.6958457,3,Jalan Hang Kasturi 50050 Kuala Lumpur,\N
OT000425395,425394,The Gardens Hotel & Residences,69192,Kuala lumpur,119,\N,3.119375,101.676208,5,Lingkaran Syed Putra Mid Valley City,\N
OT000432489,432488,de King Boutique Hotel KLCC,69192,Kuala lumpur,119,\N,3.15967111,101.7146434,3,160 Jalan Ampang 50450 Kuala Lumpur,\N
OT000458320,458319,Gold 3 Boutique Hotel,69192,Kuala lumpur,119,\N,3.146801,101.712606,2,179 Jalan Bukit Bintang Lot B5,\N
OT000459365,459364,Sovotel Boutique Hotel @  Bandar Menjalara,69192,Kuala lumpur,119,\N,3.195103891,101.6289834,2,11 Jalan 3/62A Bandar Menjalara,\N
OT000490972,490971,KIP Hotel Kuala Lumpur,69192,Kuala lumpur,119,\N,3.226888508,101.6712278,4,77 Jalan Seri Utara 1 Sri Utara Off Jalan Ipoh,\N
OT000532453,532452,The Kuala Lumpur Journal,69192,Kuala lumpur,119,\N,3.14813137,101.7104093,4,30 Jalan Beremi Off Jalan Sultan Ismail,\N
OT000539747,539746,Oasia Suites Kuala Lumpur,69192,Kuala lumpur,119,\N,3.1530914,101.7051983,4,10 Lorong P Ramlee 50250 Kuala Lumpur,\N
OT000545558,545557,Verdant Hill Hotel Kuala Lumpur,69192,Kuala lumpur,119,\N,3.14925101,101.7063505,4,6 Changkat Raja Chulan Bukit Ceylon,\N
OT000553014,553013,Holiday Inn Express Kuala Lumpur City Centre,69192,Kuala lumpur,119,\N,3.15074416,101.7085213,3,84 Jalan Raja Chulan 50450 Kuala Lumpur,\N
OT000598974,598973,Avenue J Hotel,69192,Kuala lumpur,119,\N,3.14685429,101.6952529,3,13 Jalan Leboh Pasar Besar Wilayah Persekutuan,\N
OT000625688,625687,"Hotel Stripes Kuala Lumpur, Autograph Collection",69192,Kuala lumpur,119,\N,3.157258263,101.7003975,5,25 Jalan Kamunting 50300 Kuala Lumpur,\N
OT000638805,638804,Hotel Cosmo,69192,Kuala lumpur,119,\N,3.14805515,101.696443,3,13-15 Leboh Ampang 50050 Kuala Lumpur,\N
OT000645453,645452,"Lazdana Hotel, Malaysia",69192,Kuala lumpur,119,\N,3.1668585,101.6957337,3,61 Jalan Putra 50350 Kuala Lumpur,\N
OT000737452,737451,Trillion Suites by SLG,69192,Kuala lumpur,119,\N,3.163036591,101.7188007,4,338 Jalan Tun Razak Block A,\N
OT000757411,757410,MOV Hotel,69192,Kuala lumpur,119,\N,3.14764417,101.7089039,4,43 Jalan Berangan Bukit Bintang,\N
OT000769783,769782,The Face Suites,69192,Kuala lumpur,119,\N,3.158161,101.703754,5,1020 Jalan Sultan Ismail 50250 Kuala Lumpur,\N
OT000815469,815468,W Kuala Lumpur,69192,Kuala lumpur,119,\N,3.15864219,101.7093164,5,121 Jalan Ampang 50450 Kuala Lumpur,\N
OT000847050,847049,ibis Kuala Lumpur City Centre,69192,Kuala lumpur,119,\N,3.163231827,101.7147526,4,32 Jalan Yap Kwan Seng 50450 Kuala Lumpur,\N
OT000865392,865391,Pavilion Hotel Kuala Lumpur Managed by Banyan Tree,69192,Kuala lumpur,119,\N,3.148643453,101.7152145,5,170 Jalan Bukit Bintang 55100 Kuala Lumpur,\N
OT000900394,900393,Pacific Express Hotel Chinatown,69192,Kuala lumpur,119,\N,3.14544361,101.6974638,3,32 Jalan Tun Tan Cheng Lock 50050 Kuala Lumpur,\N
OT000935716,935715,The Ruma Hotel and Residences,69192,Kuala lumpur,119,\N,3.15265252,101.7144356,5,7 Jalan Kia Peng 50450 Kuala Lumpur,\N
OT000956743,956742,Days Hotel & Suites by Wyndham Fraser Business Park,69192,Kuala lumpur,119,\N,3.12870671,101.7140627,3,1 Jalan Metro Pudu 2 Kompleks Metro Pudu,\N
OT001222720,1222719,J-Hotel by Dorsett,69192,Kuala lumpur,119,\N,3.14687232,101.717206,3,7 Jalan Jati 51000 Kuala Lumpur,\N
OT001285993,1285992,Capri by Fraser Bukit Bintang,69192,Kuala lumpur,119,\N,3.146471156,101.7153121,4,160 Jalan Imbi Bukit Bintang,\N
OT001336564,1336563,Wyndham Suites KLCC,69192,Kuala lumpur,119,\N,3.151502754,101.7162493,5,8 Jalan Changkat Kia Peng 50450 Kuala Lumpur,\N
OT001350304,1350303,Ascott Star Klcc Kuala Lumpur,69192,Kuala lumpur,119,\N,3.16106362,101.7121949,4,1 Jalan Yap Kwan Seng 50450 Kuala Lumpur,\N
OT001352824,1352823,Amari Kuala Lumpur,69192,Kuala lumpur,119,\N,3.11748864,101.6730539,4,3 Jalan Bangsar KL Eco City,\N
OT001353572,1353571,Pan Pacific Serviced Suites Kuala Lumpur,69192,Kuala lumpur,119,\N,3.14466086,101.7122121,5,Jalan Sultan Ismail Bukit Bintang,\N
OT001361068,1361067,Santa Grand Signature Kuala Lumpur,69192,Kuala lumpur,119,\N,3.15373521,101.700631,4,36 Jalan Ampang Menara Santa,\N
OT001364661,1364660,Komune Living & Wellness,69192,Kuala lumpur,119,\N,3.10027698,101.7178335,3,21 Jalan Tasik Permaisuri 2 Bandar Tun Razak,\N
OT001405625,1405624,Sleeping Lion Suites,69192,Kuala lumpur,119,\N,3.14631725,101.7140209,3,Lorong Walter Granier Bukit Bintang,\N
OT001414074,1414073,The Face Style,69192,Kuala lumpur,119,\N,3.15855992,101.7040453,5,1020 Jalan Sultan Ismail Kampung Baru,\N
OT001423628,1423627,Crowne Plaza Kuala Lumpur City Centre,69192,Kuala lumpur,119,\N,3.16301841,101.7140903,5,22 Jalan Yap Kwan Seng Menara 8,\N
OT001425026,1425025,Imperial Lexis Kuala Lumpur,69192,Kuala lumpur,119,\N,3.1525401,101.7167506,5,15 Jalan Kia Peng 50450 Kuala Lumpur,\N
OT000243569,243568,Fahrenheit Suites,69192,Kuala lumpur,119,\N,3.147327,101.712635,4,179 Jalan Bukit Bintang 5th Floor Fahrenheit 88,\N
OT000783697,783696,Banyan Tree Kuala Lumpur,69192,Kuala lumpur,119,\N,3.15045508,101.7137536,5,2 Jalan Conlay 50450 Kuala Lumpur,\N
OT000880173,880172,Dorsett Hartamas,69192,Kuala lumpur,119,\N,3.16287066,101.6559697,4,63 Jalan Sri Hartamas 1 D-G-08,\N
OT000216441,216440,Alamis City Kuala Lumpur,69192,Kuala lumpur,119,\N,3.164622609,101.6963156,3,356 Jalan Raja Laut 50350 Kuala Lumpur,\N
OT000261080,261079,Domitys Bangsar Kuala Lumpur,69192,Kuala lumpur,119,\N,3.133802,101.663363,4,136 Jalan Ara Bangsar,\N
OT000261366,261365,Teedo Hotel,69192,Kuala lumpur,119,\N,3.145880486,101.7015418,2,Jalan Pudu 4th Floor,\N
OT000262304,262303,Crystal Crown Hotel Kuala Lumpur,69192,Kuala lumpur,119,\N,3.20407,101.668279,3,3 Jalan Jambu Mawar Off Jalan Kepong,\N
OT000262310,262309,CitizenM Kuala Lumpur Bukit Bintang Hotel,69192,Kuala lumpur,119,\N,3.144420527,101.7062184,4,128 Jalan Pudu Bukit Bintang,\N
OT000035283,35282,Meliá Kuala Lumpur,69192,Kuala lumpur,119,\N,3.1432144,101.7098326,4,16 Jalan Imbi 55100 Kuala Lumpur,\N
OT000061578,61577,AC Hotel Kuala Lumpur,69192,Kuala lumpur,119,\N,3.171584665,101.6960288,4,9 Jalan Lumut Off Jalan Ipoh,\N
OT000217963,217962,Hotel Sentral Kuala Lumpur,69192,Kuala lumpur,119,\N,3.1321028,101.68821,3,No.30 Jalan Thambypillai KL Train Station,\N
OT000297641,297640,The Majestic Hotel Kuala Lumpur,69192,Kuala lumpur,119,\N,3.139266729,101.692227,5,5 Jalan Sultan Hishamuddin 50000 Kuala Lumpur,\N
OT000534922,534921,Swiss-Garden Hotel Bukit Bintang Kuala Lumpur,69192,Kuala lumpur,119,\N,3.144360755,101.7054848,4,117 Jalan Pudu 55100 Kuala Lumpur,\N
OT001352404,1352403,Else Kuala Lumpur,69192,Kuala lumpur,119,\N,3.144195085,101.6965411,5,145 Jalan Tun H S Lee City Centre,\N
OT001399931,1399930,lyf Chinatown Kuala Lumpur,69192,Kuala lumpur,119,\N,3.1482152,101.6991382,4,13 Jalan Raja Chulan 50250 Kuala Lumpur,\N
OT001429702,1429701,Four Points By Sheraton Kuala Lumpur City Centre,69192,Kuala lumpur,119,\N,3.157409,101.7056461,4,Corner Of Jalan Sultan Ismail & Jalan Ampang,\N
OT000017493,17492,Corus Hotel Kuala Lumpur,69192,Kuala lumpur,119,\N,3.16026,101.715,4,Jalan Ampang 50450 Kuala Lumpur,\N
OT000020143,20142,Renaissance Kuala Lumpur Hotel & Convention Centre,69192,Kuala lumpur,119,\N,3.157184968,101.7056859,4.5,Corner of Jalan Sultan Ismail and Jalan Ampang 504,\N
OT000021465,21464,Shangri-La,69192,Kuala lumpur,119,\N,3.154123852,101.7063323,5,11 Jalan Sultan Ismail Kuala Lumpur 50250,\N
OT000021538,21537,Sheraton Imperial Kuala Lumpur Hotel,69192,Kuala lumpur,119,\N,3.158872194,101.7000103,5,Jalan Sultan Ismail 50250 Kuala Lumpur,\N
OT000022958,22957,Grand Millennium Kuala Lumpur,69192,Kuala lumpur,119,\N,3.147943072,101.7121521,5,160 Jalan Bukit Bintang 55100 Kuala Lumpur,\N
OT000052362,52361,Parkroyal Collection,69192,Kuala lumpur,119,\N,3.144242294,101.712261,5,Jalan Sultan Ismail Bukit Bintang,\N
OT000075579,75578,"AnCasa Hotel Kuala Lumpur, Chinatown",69192,Kuala lumpur,119,\N,3.145291289,101.6992459,4,Jalan Tun Tan Cheng Lock 50500 Kuala Lumpur,\N
OT000077357,77356,Novotel Kuala Lumpur City Centre,69192,Kuala lumpur,119,\N,3.151116,101.71238,4,2 Jalan Kia Peng 50450 Kuala Lumpur,\N
OT000078180,78179,Pacific Regency,69192,Kuala lumpur,119,\N,3.153007065,101.7056859,4,KH Tower Jalan Punchak,\N
OT000080014,80013,"Berjaya Times Square Hotel, Kuala Lumpur",69192,Kuala lumpur,119,\N,3.142310484,101.7101759,5,1 Jalan Imbi 55100 Kuala Lumpur,\N
OT000082175,82174,Cititel Mid Valley,69192,Kuala lumpur,119,\N,3.11794,101.678646,3,Mid Valley City Lingkaran Syed Putra,\N
OT000082364,82363,MiCasa,69192,Kuala lumpur,119,\N,3.157095,101.721924,4,368-B Jalan Tun Razak 50400 Kuala Lumpur,\N
OT000085203,85202,Traders Hotel Kuala Lumpur,69192,Kuala lumpur,119,\N,3.153864072,101.7149985,4,Kuala Lumpur City Centre 50088 Kuala Lumpur,\N
OT000085627,85626,Concorde Hotel Kuala Lumpur,69192,Kuala lumpur,119,\N,3.155263697,101.7058784,4,2 Jalan Sultan Ismail 50250 Kuala Lumpur,\N
OT000088081,88080,Howard Johnson By Wyndham Kuala Lumpur 118,69192,Kuala lumpur,119,\N,3.138860987,101.6973469,3,8 Jalan Kampung Attap 50460 Kula Lumpur,\N
OT000088097,88096,Ascott Kuala Lumpur,69192,Kuala lumpur,119,\N,3.154830882,101.710825,5,9 Jalan Pinang 50450 Kuala Lumpur,\N
OT000091948,91947,Oakwood Hotel & Residence Kuala Lumpur,69192,Kuala lumpur,119,\N,3.160867401,101.7289889,4,222 Jalan Ampang 50450 Kuala Lumpur,\N
OT000095243,95242,Hotel Maya Kuala Lumpur,69192,Kuala lumpur,119,\N,3.158679368,101.7083251,5,138 Jalan Ampang 50450 Kuala Lumpur,\N
OT000103527,103526,ANSA Hotel Kuala Lumpur,69192,Kuala lumpur,119,\N,3.1470522,101.7121173,4,101 Jalan Bukit Bintang 55100 Kuala Lumpur,\N
OT000103528,103527,Royal Kuala Lumpur,69192,Kuala lumpur,119,\N,3.145241,101.712498,4,Jalan Walter Grenier 55100 Kuala Lumpur,\N
OT000145025,145024,Royale Chulan Kuala Lumpur,69192,Kuala lumpur,119,\N,3.149712936,101.7171335,5,5 Jalan Conlay City Centre,\N
OT000207380,207379,MyCiti Hotel Kuala Lumpur,69192,Kuala lumpur,119,\N,3.1511732,101.6962342,3,Lot No 7 Seksyen 33,\N
OT000076169,76168,The Boulevard - A St Giles Hotel,69192,Kuala lumpur,119,\N,3.11923,101.67751,4,Mid Valley City Lingkaran Syed Putra,\N
OT000082671,82670,Philea Mines Beach Resort,69192,Kuala lumpur,119,\N,3.030582273,101.7167419,4,Jalan Dulang Mines Resort City,\N
OT000087295,87294,Perdana Kuala Lumpur City Centre,69192,Kuala lumpur,119,\N,3.158128,101.719147,4,10 Jalan Binjai 50450 Kuala Lumpur,\N
OT000106800,106799,Eastin,69192,Kuala lumpur,119,\N,3.126379,101.644705,4,13 Jalan 16/11 Pusat Dagang Seksyen 16,\N
OT000689823,689822,Sunway Velocity Hotel,69192,Kuala lumpur,119,\N,3.1279019,101.7237916,4,Lingkaran SV Sunway Velocity,\N
OT000786960,786959,Dorsett Residence Bukit Bintang,69192,Kuala lumpur,119,\N,3.147464539,101.7159507,4,172 Jalan Imbi Bukit Bintang,\N
OT001424322,1424321,Societe Suites Hartamas,69192,Kuala lumpur,119,\N,3.162632091,101.6497135,,Jalan 27/70a 50480 Kuala Lumpur,\N
OT000013431,13430,Grand Continental,69192,Kuala lumpur,119,\N,3.16179939,101.6965744,3,Jalan Belia Jalan Raja Laut,\N
OT000018789,18788,Starus Hotel Bukit Bintang,69192,Kuala lumpur,119,\N,3.146986569,101.7081589,4,51-A Changkat Bukit Bintang 50200 Kuala Lumpur,\N
OT000020396,20395,The Ritz-Carlton Kuala Lumpur,69192,Kuala lumpur,119,\N,3.146825879,101.7154813,5,"168, Jalan Imbi 55100  Kuala Lumpur",\N
OT000022898,22897,Seri Pacific Hotel,69192,Kuala lumpur,119,\N,3.167345185,101.6921127,4,Jalan Putra 50350 Kuala Lumpur,\N
OT000030569,30568,EQ,69192,Kuala lumpur,119,\N,3.152777946,101.7095464,5,Equatorial Plaza Jalan Sultan Ismail,\N
OT000006984,6983,Capitol,69192,Kuala lumpur,119,\N,3.144916346,101.7100579,3,Jalan Bulan Off Jalan Bukit Bintang,\N
OT000010259,10258,Hotel Royal Signature,69192,Kuala lumpur,119,\N,3.143966292,101.7084604,4,21 Jalan Bukit Bintang 55100 Kuala Lumpur,\N
OT000011727,11726,Dorsett Kuala Lumpur,69192,Kuala lumpur,119,\N,3.147185,101.7158,4,172 Jalan Imbi 55100 Kuala Lumpur,\N
OT000015143,15142,JW Marriott Hotel Kuala Lumpur,69192,Kuala lumpur,119,\N,3.147872491,101.7138469,5,183 Jalan Bukit Bintang 55100 Kuala Lumpur,\N
OT000016750,16749,Mandarin Oriental Kuala Lumpur,69192,Kuala lumpur,119,\N,3.157206393,101.7122197,5,Kuala Lumpur City Centre P. O. Box 10905,\N
OT000284693,284692,Country,69193,Klang,119,\N,3.064721324,101.4678205,2,Jalan Tiara 2D/KU1 46 Bandar Baru,\N
OT001216442,1216441,Wyndham Acmar Klang,69193,Klang,119,\N,3.05922377,101.471633,5,1-G-1 Persiaran Bukit Raja 2/KU1 Bandar Baru Klang,\N
OT001088520,1088519,Z Hotel,69195,Johor bahru,119,\N,1.457757085,103.7656806,3,18 Jalan Wong Ah Fook Bandar,\N
OT000314176,314175,Granada Johor Bahru,69195,Johor bahru,119,\N,1.482826466,103.6592574,4,55 Jalan Indah 15/2 Taman Bukit Indah,\N
OT000545605,545604,Holiday Villa Johor Bahru City Centre,69195,Johor bahru,119,\N,1.48708748,103.7620361,4,260 Jalan Dato Sulaiman Taman Abad,\N
OT000082168,82167,Thistle Johor Bahru,69195,Johor bahru,119,\N,1.462087771,103.7433466,4.5,Jalan Sungai Chat 80100 Johor Bahru,\N
OT000088060,88059,Crystal Crown Hotel Johor Bahru,69195,Johor bahru,119,\N,1.486720414,103.7657795,3,117 Jalan Tebrau 80250 Johor Bahru,\N
OT000094498,94497,Le Grandeur Palm Resort Johor,69195,Johor bahru,119,\N,1.652469,103.65615,4,Jalan Persiaran Golf Off Jalan Jumbo,\N
OT000187831,187830,Grand Paragon,69195,Johor bahru,119,\N,1.481299459,103.7616849,4,18 Jalan Harimau Taman Century,\N
OT000214481,214480,New York,69195,Johor bahru,119,\N,1.478790243,103.7608719,3,22 Jalan Dato_ Abdullah Tahir 80300 Johor Bahru,\N
OT000261369,261368,Grand Sentosa,69195,Johor bahru,119,\N,1.492871974,103.7681678,3,Jalan Sutera Block A,\N
OT000281020,281019,KSL Hotel & Resort Johor Bahru,69195,Johor bahru,119,\N,1.485920677,103.7623603,4,33 Jalan Seladang Taman Abad,\N
OT000411768,411767,Legoland,69195,Johor bahru,119,\N,1.426468224,103.6319064,4.5,7 Jalan Legoland Bandar Medini Iskandar Malaysia,\N
OT000856156,856155,TROVE Johor Bahru,69195,Johor bahru,119,\N,1.47871796,103.7606275,4,Jalan Dato Abdullah Tahir 80300 Johor Bahru,\N
OT000879146,879145,KSL Hotspring Resort,69195,Johor bahru,119,\N,1.534610704,103.7616588,3,31 Jalan Kangkar Tebrau Taman Daya,\N
OT001402399,1402398,Ramada Suites By Wyndham The Straits Johor Bahru,69195,Johor bahru,119,\N,1.46719693,103.7436107,2.5,Jalan Abdul Samad Kampung Bahru,\N
OT000088061,88060,"Berjaya Waterfront Hotel, Johor Bahru",69195,Johor bahru,119,\N,1.471143,103.783236,4,88 Jalan Ibrahim Sultan Stulang Laut,\N
OT001427061,1427060,Sunway Onsen Suites,69196,Ipoh,119,\N,4.59596,101.095,,2 Persiaran Sunway 2 Sunway City,\N
OT000409323,409322,M Boutique Ipoh,69196,Ipoh,119,\N,4.588392,101.077607,3,2 Hala Datuk 5 31650 Ipoh,\N
OT000679850,679849,M Roof Hotel & Residences,69196,Ipoh,119,\N,4.612222688,101.1050963,4,Jalan Dato Lau Pak Kuan Pusat Perniagaan Taman Ipo,\N
OT000391677,391676,MU Hotel,69196,Ipoh,119,\N,4.590990508,101.0864301,3,"18, Jalan Chung On Siew Perak",\N
OT000087287,87286,Excelsior,69196,Ipoh,119,\N,4.597359368,101.0864872,3,43 Jalan Sultan Abdul Jalil 30300 Ipoh,\N
OT000088056,88055,Travelodge Ipoh,69196,Ipoh,119,\N,4.5951173,101.0999499,3,Jalan Raja Dihilir 30350 Ipoh,\N
OT000132762,132761,Impiana Ipoh,69196,Ipoh,119,\N,4.589862613,101.0947591,4,18 Jalan Raja Dr Nazrin Shah 30250 Ipoh,\N
OT000238149,238148,The Banjaran Hotsprings Retreat,69196,Ipoh,119,\N,4.630893,101.156052,5,"No 1, Persiaran Lagun Sunway 3 31150 Ipoh",\N
OT000246432,246431,Lost World Hotel,69196,Ipoh,119,\N,4.626302947,101.1540842,3,1 Persiaran Lagun Sunway 1 Lost World Of Tambun Th,\N
OT000422434,422433,TUI BLUE The Haven Ipoh,69196,Ipoh,119,\N,4.636809572,101.162416,5,Jalan Haven 31150 Ipoh,\N
OT000473777,473776,WEIL Hotel,69196,Ipoh,119,\N,4.59480103,101.0901245,4,"292, Jalan Sultan Idris Shah, 30000 Ipoh",\N
OT000542647,542646,The Waterfront Hotel,69197,Kuching,119,\N,1.55858585,110.344818,3.5,68 Jalan Tun Abang Haji Openg 93000 Kuching,\N
OT000238363,238362,Abell,69197,Kuching,119,\N,1.557973,110.352526,3,No22 Jalan Tunku Abdul Rahman 93100 Kuching,\N
OT000457734,457733,Imperial Hotel Kuching,69197,Kuching,119,\N,1.508566973,110.3356906,4,Jalan Datuk Tawi Sli 93250 Kuching,\N
OT000079897,79896,Harbour View,69197,Kuching,119,\N,1.556996963,110.3486967,3,Lorong Temple 93100 Kuching,\N
OT000435535,435534,56 Hotel Kuching,69197,Kuching,119,\N,1.52673815,110.3572025,3,Lot 2228 & 2229 Jalan Tun Jugah Section 64,\N
OT001127695,1127694,Riverside Majestic Hotel Astana Wing,69197,Kuching,119,\N,1.557790225,110.3510349,5,Jalan Tunku Abdul Rahman PO Box 2928,\N
OT001316311,1316310,Raia Hotel & Convention Centre Kuching,69197,Kuching,119,\N,1.49019939,110.3396478,4,1 Jalan Lapangan Terbang 93259 Kuching,\N
OT000072628,72627,Permai Rainforest Resort,69197,Kuching,119,\N,1.754698,110.317946,3,Pantai Damai Santubong Jalan Sultan Tengah,\N
OT000203438,203437,Pullman Kuching,69197,Kuching,119,\N,1.555791,110.351121,4.5,1A Jalan Mathies Sarawak,\N
OT000244184,244183,The Limetree,69197,Kuching,119,\N,1.556243541,110.3564255,3,Lot 317 Abell Road 93100 Kuching,\N
OT000014256,14255,Grand Margherita,69197,Kuching,119,\N,1.558174018,110.3528434,4,Jalan Tunku Abdul Rahman P.O. Box 2362,\N
OT000017367,17366,Merdeka Palace Hotel & Suites,69197,Kuching,119,\N,1.556232816,110.343917,5,Jalan Tun Abang Haji Openg 93000 Kuching,\N
OT000010991,10990,Riverside Majestic Hotel Puteri Wing,69197,Kuching,119,\N,1.557887128,110.3519046,4,Jalan Tunku Abdul Rahman 93756 Kuching,\N
OT000013432,13431,Hotel Grand Continental Kuching,69197,Kuching,119,\N,1.552688,110.353516,3,"Jalan Ban Hock Lot 42, Section 46",\N
OT000014175,14174,Damai Lagoon Resort,69197,Kuching,119,\N,1.753266058,110.3159335,4.5,Teluk Penyuk Santubong PO Box 3058,\N
OT000559266,559265,Sunway Lagoon Hotel,69198,Petaling jaya,119,\N,3.072907171,101.6045034,4,Jalan PJS 11/15 Off Persiaran Lagoon,\N
OT000262338,262337,Sunway Resort Hotel & Spa,69198,Petaling jaya,119,\N,3.0711216,101.6087963,5,Persiaran Lagoon Bandar Sunway,\N
OT000022398,22397,Sunway Pyramid Hotel,69198,Petaling jaya,119,\N,3.0722,101.6085,4,Persiaran Lagoon Bandar Sunway,\N
OT000102240,102239,Royale Chulan The Curve,69198,Petaling jaya,119,\N,3.156889029,101.6114639,4,6 Jalan PJU 7/3 Mutiara Damansara,\N
OT000205222,205221,Armada Petaling Jaya,69198,Petaling jaya,119,\N,3.104282,101.640902,4,Lot 6 Lorong Utara C,\N
OT000262305,262304,Crystal Crown Hotel - Petaling Jaya,69198,Petaling jaya,119,\N,3.109095921,101.6432343,4,12 Lorong Utara A Off Jalan Utara,\N
OT000430400,430399,Royale Chulan Damansara,69198,Petaling jaya,119,\N,3.15643824,101.6084864,5,2 Jalan PJU 7/3 Mutiara Damansara,\N
OT000519702,519701,Sovotel Boutique Hotel at Uptown 101,69198,Petaling jaya,119,\N,3.13359223,101.6209219,3,101 Jalan SS 21/1A Damansara Utama,\N
OT000602585,602584,Somerset Damansara UPtown Petaling Jaya,69198,Petaling jaya,119,\N,3.13564412,101.6232193,4,2A Jalan SS 21/37 Damansara Utama,\N
OT000759237,759236,Sovotel Boutique Hotel Kota D'sara 8,69198,Petaling jaya,119,\N,3.15007316,101.5929488,3,8 Jalan PJU 5/8 Dataran Sunway,\N
OT001139699,1139698,Sovotel Boutique Hotel @ Uptown 28,69198,Petaling jaya,119,\N,3.133599,101.6242941,1,28 Jalan Ss21/35 Damansara Utama,\N
OT001248785,1248784,Sovotel @ Kelana Jaya 73,69198,Petaling jaya,119,\N,3.11337266,101.6047603,3,73 Jalan SS 25/2 Taman Bukit Emas,\N
OT001333315,1333314,M World Hotel,69198,Petaling jaya,119,\N,3.145158458,101.6179712,4,1 Persiaran Bandar Utama Bandar Utama,\N
OT000264965,264964,De Palma Shah Alam,69199,Shah alam,119,\N,3.050016,101.53493,3,Jalan Nelayan 19/15 Seksyen 19,\N
OT000106401,106400,Concorde Hotel Shah Alam,69199,Shah alam,119,\N,3.083759,101.524896,4,3 Jalan Tengku Ampuan Zabedah C9/C 40100 Shah Alam,\N
OT000142008,142007,Mardhiyyah Hotel and Suites,69199,Shah alam,119,\N,3.073812,101.522933,4.5,Persiaran Perbandaran Lot P5.5 Seksyen 14,\N
OT001427801,1427800,FOX Hotel Glenmarie Shah Alam,69199,Shah alam,119,\N,3.08134127,101.5624228,3,6 Jalan Juruanalisis U1/35 seksyen U1,\N
OT000014105,14104,Glenmarie Hotel and Golf Resort,69199,Shah alam,119,\N,3.094388782,101.5775567,4.5,1 Jalan Usahawan U1/8 Seksyen U1,\N
OT000159755,159754,The Klagan Regency,69200,Kota kinabalu,119,\N,6.035139345,116.1285927,4,TB-00-01 Jalan UMS 1 Borneo Hypermall,\N
OT000314294,314293,Celyn City Hotel,69200,Kota kinabalu,119,\N,5.97841544,116.070924,3,Lot 10 Block A Ground Floor Warisan Square,\N
OT000471570,471569,Sky Hotel,69200,Kota kinabalu,119,\N,5.970518901,116.0708378,4,Lorong Kemajuan Karamunsing 88000 Kota Kinabalu,\N
OT000207120,207119,Celyn City Mall,69200,Kota kinabalu,119,\N,5.961549,116.096519,3,Unit S-0-30 Block F Ground Floor City Mall,\N
OT000363926,363925,The Klagan Hotel,69200,Kota kinabalu,119,\N,5.979309,116.0709042,3,Jalan Tun Fuad Stephen Ground Floor Block D Warisa,\N
OT000456834,456833,Dreamtel Kota Kinabalu,69200,Kota kinabalu,119,\N,5.980302893,116.0765806,3,5 Jalan Padang 88000 Kota Kinabalu,\N
OT000494204,494203,Borneo Beach Villas Karambunai,69200,Kota kinabalu,119,\N,6.12556581,116.1218009,3,Pool Villa 161 Precinct Dillenia,\N
OT000238766,238765,The Pacific Sutera Hotel,69200,Kota kinabalu,119,\N,5.965630958,116.0571188,5,1 Sutera Harbour Boulevard 88100 Kota Kinabalu,\N
OT000314284,314283,Sixty3,69200,Kota kinabalu,119,\N,5.985425,116.0779559,3,63 Jalan Gaya City Centre,\N
OT000407898,407897,Grandis,69200,Kota kinabalu,119,\N,6.012087,116.112545,4,Suria Sabah Shopping Mall 1 A Jalan Tun Fuad Steph,\N
OT000569531,569530,Mercure Kota Kinabalu City Centre,69200,Kota kinabalu,119,\N,5.988492718,116.0796326,4,41 Jalan Gaya 88000 Kota Kinabalu,\N
OT001351504,1351503,Hyatt Centric Kota Kinabalu,69200,Kota kinabalu,119,\N,5.9807898,116.0737866,5,18 Jalan Haji Saman 88000 Kota Kinabalu,\N
OT000435163,435162,Nexus Resort & Spa Karambunai,69200,Kota kinabalu,119,\N,6.114467603,116.1081468,5,Off Jalan Sepangar Bay Locked Bag 100,\N
OT000435044,435043,King Park Hotel Kota Kinabalu,69200,Kota kinabalu,119,\N,5.97806518,116.0761689,3,Jalan Masjid Lama Bandaran Berjaya,\N
OT000202548,202547,Cititel Express Kota Kinabalu,69200,Kota kinabalu,119,\N,5.975984139,116.0731852,3,1 Jalan Singgah Mata 1 Asia City,\N
OT000068739,68738,Le Meridien Kota Kinabalu,69200,Kota kinabalu,119,\N,5.97977,116.071592,5,Jalan Tun Fuad Stephens Sinsuran,\N
OT000085625,85624,Sabah Oriental Hotel,69200,Kota kinabalu,119,\N,5.970480784,116.0701704,4,Lorong Kemajuan 88000 Kota Kinabalu,\N
OT000159563,159562,Kinabalu Daya Hotel,69200,Kota kinabalu,119,\N,5.98747,116.083,3,Jalan Pantai Lot 3 and 4 Block 9,\N
OT000240062,240061,Horizon,69200,Kota kinabalu,119,\N,5.982434,116.075339,4,Jalan Pantai Locked Bag 2084,\N
OT000513012,513011,Hotel No5,69200,Kota kinabalu,119,\N,5.93723466,116.0756307,3,1 Jalan Pintas Penampang,\N
OT000218006,218005,Shangri-La Kota Kinabalu,69200,Kota kinabalu,119,\N,5.976318678,116.0754228,3,75 Bandaran Berjaya 88819 Kota Kinabalu,\N
OT000022838,22837,The Magellan Sutera Resort,69200,Kota kinabalu,119,\N,5.969893899,116.057682,5,1 Sutera Harbour Boulevard 88100 Kota Kinabalu,\N
OT001432079,1432078,Citadines Waterfront Kota Kinabalu,69200,Kota kinabalu,119,\N,5.98215124,116.073136,4,G08 Jalan Tun Fuad Stephens 88000 Kota Kinabalu,\N
OT000219180,219179,The Jesselton,69200,Kota kinabalu,119,\N,5.984773918,116.0778683,3,69 Jalan Gaya P.O. Box 10401,\N
OT000435055,435054,Raia Hotel Kota Kinabalu,69200,Kota kinabalu,119,\N,5.96477693,116.0687945,3,Jalan Sembulan PO Box 12908,\N
OT000021475,21474,Shangri-La Tanjung Aru,69200,Kota kinabalu,119,\N,5.955685744,116.0413259,5,20 Jalan Aru Tanjung Aru,\N
OT000022936,22935,Promenade Hotel,69200,Kota kinabalu,119,\N,5.975205189,116.0687864,4,4 Lorong Api-Api 3 Api-Api Centre,\N
OT000008846,8845,The Palace,69200,Kota kinabalu,119,\N,5.973063073,116.0756314,4,1 Jalan Tangki Karamunsing 88997 Kota Kinabalu,\N
OT000014507,14506,Hyatt Regency Kinabalu,69200,Kota kinabalu,119,\N,5.984905,116.075006,5,Jalan Datuk Salleh Sulong 88991 Kota Kinabalu,\N
OT000182153,182152,The Elopura Hotel,69201,Sandakan,119,\N,5.838607949,118.1188551,3,HS12 Sandakan Harbour Square 90000 Sandakan,\N
OT000129730,129729,Sandakan,69201,Sandakan,119,\N,5.840870658,118.1176615,3,4th Avenue Town Centre,\N
OT000261078,261077,The Pavilion,69201,Sandakan,119,\N,5.881032,118.048339,3,"Block A3, Bandar Labuk Jaya Mile 7 Labuk Road",\N
OT000854854,854853,Livingston Hotel,69201,Sandakan,119,\N,5.85706527,118.0816232,,Jalan Utara Mile 4 90000 Sandakan,\N
OT000021020,21019,Sabah Sandakan,69201,Sandakan,119,\N,5.84884877,118.1147754,4,"Km 1, Jalan Utara 90000 Sandakan",\N
OT000066070,66069,Royale Chulan Seremban,69202,Seremban,119,\N,2.721193872,101.9450498,4,Jalan Dato_ A.S. Dawood 70100 Seremban,\N
OT000085717,85716,Hotel Grand Continental Kuantan,69203,Kuantan,119,\N,3.813227,103.329816,3,Jalan Gambut 25000 Kuantan,\N
OT000278601,278600,Hotel Sentral Kuantan,69203,Kuantan,119,\N,3.803039427,103.3256275,3,45-P Jalan Besar 25000 Kuantan,\N
OT000545572,545571,Mangala Resort & Spa,69203,Kuantan,119,\N,3.72807873,103.1140413,5,Lebuhraya Tun Razak Gambang,\N
OT000259506,259505,"Shahzan Hotel Kuantan, Trademark Collection by Wyndham",69203,Kuantan,119,\N,3.806644026,103.325142,3,Jalan Bukit Ubi Jalan Masjid,\N
OT000022444,22443,Swiss-Garden Beach Resort Kuantan,69203,Kuantan,119,\N,3.910624888,103.3654658,4,2656-2657 Mukim Sungai Karang Balok Beach,\N
OT000010333,10332,Holiday Villa Beach Resort & Spa Cherating,69203,Kuantan,119,\N,4.100262134,103.3831689,3,Lot 1303 Mukim Sungai Karang,\N
OT000314180,314179,Borneo Royale Hotel,69204,Tawau,119,\N,4.254435,117.896126,4,Eastern Plaza Jalan Kuhara Mile 1,\N
OT001269813,1269812,Courtyard by Marriott Penang,69205,George town,119,\N,5.418063023,100.321255,3,218D Jalan Macalister 10400 Georgetown,\N
OT000088119,88118,Cheong Fatt Tze__ Blue Mansion,69205,George town,119,\N,5.421471339,100.3349322,4,14 Leith Street 10200 George Town,\N
OT000494143,494142,Garden Inn,69205,George town,119,\N,5.418341452,100.3228399,3,41 Jalan Anson 10400 Georgetown,\N
OT001219841,1219840,Loop On Leith George Town Penang Hotel by Compass Hospitality,69205,George town,119,\N,5.42038155,100.3337102,3,29 Leith Street 10200 George Town,\N
OT001074985,1074984,Savv Hotel,69205,George town,119,\N,5.41351545,100.340168,3,39C Pengkalan Weld 10300 George Town,\N
OT000082360,82359,JEN Penang by Shangri-La,69205,George town,119,\N,5.413427,100.330442,4,Magazine Road 10300 George Town,\N
OT000082669,82668,Ascott Gurney Penang,69205,George town,119,\N,5.429974,100.319142,4,18 Gurney Drive 10250 Georgetown,\N
OT000082670,82669,Hotel NEO+ Penang,69205,George town,119,\N,5.412249,100.328408,3,68 Jalan Gurdwara 10300 Georgetown,\N
OT000090161,90160,Berjaya Penang Hotel,69205,George town,119,\N,5.433255788,100.3066537,4,1-Stop Midlands Park Burmah Road,\N
OT000278443,278442,Travelodge Georgetown,69205,George town,119,\N,5.416551,100.3228934,3,101 Jalan Macalister 10400 Georgetown,\N
OT000419461,419460,Royale Chulan Penang,69205,George town,119,\N,5.416806638,100.3439209,4,No 1 & 2 Pengkalan Weld 10300 George Town,\N
OT000465970,465969,Hotel Sentral Georgetown,69205,George town,119,\N,5.41628006,100.3275674,3,12 Lorong Kinta 10400 Georgetown,\N
OT000474057,474056,"The Wembley _ A St Giles Hotel, Penang",69205,George town,119,\N,5.413164377,100.3299963,4,183 Jalan Magazine 10300 George Town,\N
OT000474073,474072,Cititel Express Penang,69205,George town,119,\N,5.41249412,100.3298134,3,123 Lebuh Noordin 10300 Penang,\N
OT000643335,643334,Vouk Hotel By The Blanket,69205,George town,119,\N,5.427311866,100.3205992,3,57-G-3 Jalan Sultan Ahmad Shah Mansion One,\N
OT000702865,702864,Areca Hotel Penang,69205,George town,119,\N,5.41759977,100.3302232,3,5 Jalan Khoo Sian Ewe 10050 George Town,\N
OT001263769,1263768,OZO George Town Penang,69205,George town,119,\N,5.42198932,100.3301526,3,166 Jalan Argyll 10050 George Town,\N
OT001406027,1406026,The George Penang by The Crest Collection,69205,George town,119,\N,5.419853201,100.3323811,5,138 Penang Road 10500 George Town,\N
OT001419535,1419534,Citadines Connect Georgetown Penang,69205,George town,119,\N,5.41278139,100.3288488,3,202 Lebuh Noordin Penang,\N
OT001442755,1442754,Citadines Connect Cecil Georgetown Penang,69205,George town,119,\N,5.4082662,100.3286067,3,62 Lebuh Cecil 10300 George Town,\N
OT001442817,1442816,lyf Georgetown Penang,69205,George town,119,\N,5.4230307,100.3350221,4,2A Jalan Penang Seksyen 14,\N
OT000317008,317007,Hotel Sentral Kuala Terengganu,69206,Kuala terengganu,119,\N,5.33452613,103.1390597,,28-28A Jalan Tok Lam 20100 Kuala Terengganu,\N
OT000086547,86546,Grand Continental,69206,Kuala terengganu,119,\N,5.334272,103.14705,3,Lot 004023 Jalan Sultan Zainal Abidin,\N
OT000019444,19443,Primula Beach,69206,Kuala terengganu,119,\N,5.330036447,103.1507957,4,"Jalan Persinggahan 20400 Kuala Terengganu, Terengg",\N
OT000434064,434063,TH Hotel & Convention Centre Terengganu,69206,Kuala terengganu,119,\N,5.373231361,103.1012386,4,Jalan Lapangan Terbang Gong Badak,\N
OT000090174,90173,Hotel Perdana Kota Bharu,69207,Kota bharu,119,\N,6.12123156,102.241642,5,Jalan Mahmood 15200 Kota Bharu,\N
OT000314282,314281,Pasir Belanda,69207,Kota bharu,119,\N,6.157689332,102.256493,2,Jalan Pantai Cahaya Bulan Kampong Banggol,\N
OT000047502,47501,Renai Hotel Kota Bharu,69207,Kota bharu,119,\N,6.113715233,102.2494286,5,Jalan Sultan Yahya Petra Kota Sri Mutiara,\N
OT000314289,314288,Mulu National Park Resort,69209,Miri,119,\N,4.324786034,113.9881791,,11 Pekan Mulu 98070 Mulu,\N
OT000244186,244185,Imperial Hotel,69209,Miri,119,\N,4.399054193,113.990356,4,Jalan Pos 98000 Miri,\N
OT000556253,556252,Pullman Miri Waterfront,69209,Miri,119,\N,4.398483764,113.9852888,5,Lot 1347 Miri Waterfront Commercial Centre,\N
OT000314288,314287,Meritz Miri,69209,Miri,119,\N,4.397020578,113.9935136,4,Jalan Miri-Pujut Bintang Megamall,\N
OT000088064,88063,Grand Crystal,69211,Alor setar,119,\N,6.12210007,100.3623229,3,40 Jalan Kampung Perak 05100 Alor Star,\N
OT000531920,531919,Raia Hotel & Convention Centre Alor Setar,69211,Alor setar,119,\N,6.197919981,100.3885355,4,"Lot 3860 Mukim Titi Gajah Seksyen 2, Bandar Anak B",\N
OT000238362,238361,RH Hotel Sibu,69213,Sibu,119,\N,2.244799,111.853902,3,Jalan Kampung Nyabor P.O. Box 1762,\N
OT000085204,85203,Avillion Port Dickson,69227,Port dickson,119,\N,2.505525,101.83195,4,3rd Mile jalan Pantai,\N
OT000227381,227380,Avillion Admiral Cove,69227,Port dickson,119,\N,2.476593,101.846292,3,"5 1/2 Mile, jalan Pantai 71050 Port Dickson",\N
OT000287552,287551,Grand Lexis Port Dickson,69227,Port dickson,119,\N,2.550475234,101.7962365,4.5,Jalan Seremban Batu 2,\N
OT000287553,287552,Lexis Port Dickson,69227,Port dickson,119,\N,2.550054667,101.7958069,4,Jalan Seremban Batu 2,\N
OT000533801,533800,Lexis Hibiscus,69227,Port dickson,119,\N,2.41884632,101.8737798,5,12th Mile Jalan Pantai 71250 Port Dickson,\N
OT001315202,1315201,Pacific Regency Beach Resort,69227,Port dickson,119,\N,2.461083476,101.8541749,3.5,Jalan Pantai Batu 7 1/2,\N
OT000204568,204567,Ancasa Residences Port Dickson,69227,Port dickson,119,\N,2.44810606,101.8577296,4,8 1/2 Jalan Pantai Teluk Kemang 71050 Port Dickson,\N
OT000433566,433565,The Everly Putrajaya,69253,Putrajaya,119,\N,2.93829085,101.7095785,4,1 Jalan Alamanda 2 Precinct 1,\N
OT001087776,1087775,Mercure Living Putrajaya,69253,Putrajaya,119,\N,2.93924123,101.7135381,4,Jalan Alamanda Presint 1 Block A,\N
OT001422551,1422550,Moxy Putrajaya,69253,Putrajaya,119,\N,2.96888334,101.7153403,3,Lebuh IRC IOI Resort City 62502 Putrajaya,\N
OT000088359,88358,PULSE GRANDE Hotel,69253,Putrajaya,119,\N,2.943130111,101.6998567,5,Taman Putra Perdana Presint 1,\N
OT000132771,132770,Bangi Resort Hotel,69253,Putrajaya,119,\N,2.955186,101.76486,5,Off Persiaran Bandar 43650 Bandar Baru Bangi,\N
OT000234524,234523,"Palm Garden Hotel, Putrajaya, a Tribute Portfolio Hotel",69253,Putrajaya,119,\N,2.969642477,101.7081079,5,IOI Resort City 62502 Putrajaya,\N
OT000522144,522143,Dorsett Putrajaya,69253,Putrajaya,119,\N,2.92009553,101.6842662,4,3 Precinct 62000 Putrajaya,\N
OT000569529,569528,Le Meridien Putrajaya,69253,Putrajaya,119,\N,2.968991509,101.7125574,5,Lebuh Irc Loi Resort City,\N
OT001100010,1100009,Sovotel @ Conezion Putrajaya,69253,Putrajaya,119,\N,2.9660099,101.7204641,3,"N-G-02,N-G-03 Connection Commercial Persiaran Irc3",\N
OT000090158,90157,Marriott Putrajaya,69253,Putrajaya,119,\N,2.969678,101.706807,5,Ioi Resort 62502 Putrajaya,\N
OT000706698,706697,The Waterway Villa,69254,Bentong town,119,\N,3.5211606,101.9117176,3,PT 21564 Batu 7 Jalan Kuala Lumpur Lama Bukit Ting,\N
OT000561499,561498,Rawa Island Resort,69296,Mersing,119,\N,2.518447,103.975989,3,Tourist Centre Jalan Abu Bakar,\N
OT000008848,8847,Berjaya Tioman Resort,69296,Mersing,119,\N,2.808208,104.14241,4,P.O. Box 4 86807 Mersing,\N
OT000221540,221539,Celyn Resort Kinabalu,69306,Ranau,119,\N,5.96252,116.592315,3,Kampung Samuruh Jalan Samuruh Kinoundusan,\N
OT000751399,751398,Dash Living Rochor,70983,Singapore,130,\N,1.307401688,103.851838,3.5,22 Belilios Lane Singapore 219962,\N
OT000506063,506062,Villa Samadhi,70983,Singapore,130,\N,1.268876979,103.8008881,4.5,20 Labrador Villa Road Singapur 119193,\N
OT000416370,416369,CherryLoft @ Rangoon,70983,Singapore,130,\N,1.317065236,103.8532177,3,180 Rangoon Road 218442 Singapore,\N
OT000022746,22745,Vibe Hotel Singapore Orchard,70983,Singapore,130,\N,1.308215571,103.83573,4,24 Mount Elizabeth Singapore 228518,\N
OT000077628,77627,M Hotel Singapore,70983,Singapore,130,\N,1.273803,103.844895,4,Anson Road 81 079908 Singapore,\N
OT000085219,85218,Hotel 81 Elegance,70983,Singapore,130,\N,1.3124554,103.8602447,2,30 Foch Road Singapore 209276,\N
OT000093990,93989,Hotel Grand Central,70983,Singapore,130,\N,1.30126,103.841743,4,22 Cavengah Road Orchard Road,\N
OT000216502,216501,Quincy Hotel Singapore,70983,Singapore,130,\N,1.3077786,103.8356738,4,22 Mount Elizabeth Singapore 228517,\N
OT000226819,226818,Studio M Hotel Singapore,70983,Singapore,130,\N,1.290632,103.839004,4,3 Nanson Road Singapore 238910,\N
OT000237039,237038,V Hotel Lavender,70983,Singapore,130,\N,1.3079973,103.8627806,4,70 Jellicoe Road Singapore 208767,\N
OT000247757,247756,ibis budget Singapore Clarke Quay,70983,Singapore,130,\N,1.287473,103.847521,3,20 Hong Kong Street Singapore 059663,\N
OT000259558,259557,Travelodge Harbourfront,70983,Singapore,130,\N,1.2662,103.823826,4,50 Telok Blangah Road Singapore,\N
OT000302578,302577,Dorsett Singapore,70983,Singapore,130,\N,1.280198,103.840155,4,333 New Bridge Road Singapore 088765,\N
OT000363728,363727,V Hotel Bencoolen,70983,Singapore,130,\N,1.2990651,103.8505943,4,48 Bencoolen Street Singapore 189627,\N
OT000405144,405143,One Farrer Hotel & Spa,70983,Singapore,130,\N,1.312413134,103.853765,5,1 Farrer Park Station Road Singapore 217562,\N
OT000468559,468558,Hotel Boss,70983,Singapore,130,\N,1.3056188,103.8603467,4,500 Jalan Sultan Singapore 199020,\N
OT000475705,475704,Hotel Chancellor@Orchard,70983,Singapore,130,\N,1.301124649,103.8421021,3,28 Cavenagh Road Orchard Road,\N
OT001284051,1284050,COMO Metropolitan Singapore,70983,Singapore,130,\N,1.304153166,103.8367827,5,30 Bideford Road Singapore 229922,\N
OT001366661,1366660,Ibis Budget Singapore Gold,70983,Singapore,130,\N,1.31437674,103.8778041,2,123 Sims Avenue Singapore 387446,\N
OT001422046,1422045,Hotel Mi Rochor,70983,Singapore,130,\N,1.3036966,103.8515077,4,89 Short Street Singapore 188216,\N
OT000020162,20161,Rendezvous Hotel Singapore,70983,Singapore,130,\N,1.2985227,103.8491411,4,9 Bras Basah Road Singapore 189559,\N
OT000072686,72685,Hilton Singapore Orchard,70983,Singapore,130,\N,1.301928763,103.8359016,5,333 Orchard Road Singapore 238867,\N
OT000082673,82672,Hotel Mi Bencoolen,70983,Singapore,130,\N,1.298933,103.850167,,41 Bencoolen Street Singapore 189623,\N
OT000085220,85219,Venue Hotel The Lily,70983,Singapore,130,\N,1.311659,103.900676,2,238 Joo Chiat Road Singapore 427495,\N
OT000133143,133142,Venue Hotel,70983,Singapore,130,\N,1.3095793,103.9023878,3,305 Joo Chiat Road Singapore 427556,\N
OT000134482,134481,The Robertson House by The Crest Collection,70983,Singapore,130,\N,1.291536,103.842405,4,1 Unity Street Singapore 237983,\N
OT000183721,183720,Value Hotel Balestier,70983,Singapore,130,\N,1.3211845,103.8532832,2,218 Balestier Road Singapore 329684,\N
OT000195919,195918,Value Hotel Thomson,70983,Singapore,130,\N,1.3268792,103.8427753,3,592 Balestier Road Singapore 329901,\N
OT000210947,210946,Hotel Classic by Venue,70983,Singapore,130,\N,1.3156947,103.8977558,2,12 Joo Chiat Road Singapore 427353,\N
OT000219997,219996,Value Hotel Nice,70983,Singapore,130,\N,1.3233123,103.8524688,2,302 Balestier Road Singapore 329738,\N
OT000013433,13432,Grand Copthorne Waterfront Singapore,70983,Singapore,130,\N,1.2905414,103.8348422,5,392 Havelock Road Singapore 169663,\N
OT000037836,37835,Orchard Hotel Singapore,70983,Singapore,130,\N,1.307257,103.828447,4.5,442 Orchard Road Singapore 238879,\N
OT000082672,82671,ibis budget Singapore Selegie,70983,Singapore,130,\N,1.3037,103.850025,2,183 Selegie Road Singapore 188329,\N
OT000082678,82677,ibis budget Singapore Joo Chiat,70983,Singapore,130,\N,1.31138,103.901089,2,219 Joo Chiat Road Singapore 427485,\N
OT000085022,85021,ibis budget Singapore Emerald,70983,Singapore,130,\N,1.311144,103.876391,2,20 Lorong 6 Geylang Singapore 399174,\N
OT000085023,85022,ibis budget Singapore Crystal,70983,Singapore,130,\N,1.310647866,103.880648,2,50 Lorong 18 Geylang Singapore 398824,\N
OT000085223,85222,ibis budget Singapore Pearl,70983,Singapore,130,\N,1.311573,103.879261,2,21 Lorong 14 Geylang Singapore 398961,\N
OT000085224,85223,ibis budget Singapore Ruby,70983,Singapore,130,\N,1.312245,103.88122,2,10 Lorong 20 Geylang Singapore 398730,\N
OT000085236,85235,ibis budget Singapore Sapphire,70983,Singapore,130,\N,1.311827,103.877738,2,3 Lorong 10 Geylang Singapore 399037,\N
OT000103530,103529,Ibis Budget Singapore Imperial,70983,Singapore,130,\N,1.309352,103.862579,2,28 Penhas Road Singapur 208187,\N
OT000157717,157716,ibis budget Singapore West Coast,70983,Singapore,130,\N,1.292154,103.768859,2,418 Pasir Panjang Road Singapore 118759,\N
OT000183720,183719,ibis budget Singapore Ametrine,70983,Singapore,130,\N,1.31145,103.87755,2,10 Lorong 10 Geylang Singapore 399043,\N
OT000201668,201667,ibis budget Singapore Mount Faber,70983,Singapore,130,\N,1.26961,103.813831,2,400 Telok Blangah Road Harbourfront,\N
OT000240238,240237,ibis budget Singapore Bugis,70983,Singapore,130,\N,1.297002,103.855584,2,33 Middle Road Singapore 188942,\N
OT000552656,552655,M Social Singapore,70983,Singapore,130,\N,1.290899089,103.8373131,4,90 Robertson Quay Singapore 238259,\N
OT000002258,2257,Orchard Rendezvous Hotel,70983,Singapore,130,\N,1.3065228,103.827668,4,1 Tanglin Road Singapore 247905,\N
OT000006981,6980,Grand Pacific,70983,Singapore,130,\N,1.297289735,103.8525769,4,101 Victoria Street Singapore 188018,\N
OT000007005,7004,Parkroyal on Beach Road,70983,Singapore,130,\N,1.30027,103.860328,4,7500 Beach Road Singapore 199591,\N
OT000010758,10757,Copthorne King's Hotel Singapore,70983,Singapore,130,\N,1.288392431,103.8364542,4,403 Havelock Road Singapore 169632,\N
OT000016115,16114,Concorde Hotel Singapore,70983,Singapore,130,\N,1.300607,103.842129,4,100 Orchard Road Singapore 238840,\N
OT000544808,544807,The Silver Palm Rama 9,71325,Bangkok,136,\N,13.73941406,100.64734,4,69 Soi Sa Ngop Suk Rama 9 Road,\N
OT000975915,975914,Vib Best Western Sanam Pao,71325,Bangkok,136,\N,13.77303479,100.5420527,4,1029/9 Phaholyothin Road Phaya Thai,\N
OT001348328,1348327,Best Western Nada Don Mueang Airport Hotel,71325,Bangkok,136,\N,13.879446,100.598888,4,235/8 Phahonyothin Road Anusawari,\N
OT000561995,561994,Lancaster Bangkok,71325,Bangkok,136,\N,13.74870928,100.5672844,5,1777 New Phetchaburi Road 10310 Bangkok,\N
OT001338945,1338944,Aira Hotel,71325,Bangkok,136,\N,13.74265283,100.5566705,4,Sukhumvit 11 14 Sukhumvit Road,\N
OT000056178,56177,Ambassador Hotel Bangkok,71325,Bangkok,136,\N,13.74238656,100.5576253,4,171 Sukhumvit Soi 11 Bangkok 10110,\N
OT000013481,13480,Grand Hyatt Erawan Bangkok,71325,Bangkok,136,\N,13.743452,100.540794,5,494 Rajdamri Road 10330 Bangkok,\N
OT000232525,232524,Signature Pattaya,71329,Chonburi,136,\N,12.92140414,100.8701427,4,561-561/2 South Pattaya Road Pratamnuk Hill,\N
OT000525190,525189,Crest Resort & Pool Villas,71351,Phuket,136,\N,7.881914568,98.27743755,5,95 Muen-Ngern Road Tri Trang,\N
OT000731776,731775,Panan Krabi Resort,71429,Krabi,136,\N,8.03219251,98.82561161,4,945 Moo 2,\N
OT000875497,875496,Sea Seeker Krabi Resort,71429,Krabi,136,\N,8.03251192,98.82881554,4,963 Moo 2 Tumbon Aonang,\N
OT000427912,427911,Ramada by Wyndham Phuket Deevana Patong,71544,Patong beach,136,\N,7.90084735,98.30200433,4,45-1 Raj U Thid 200 Pee Road Patong,\N
OT000544768,544767,Andaman Beach Hotel Phuket - Handwritten Collection,71544,Patong beach,136,\N,7.9070422,98.299189,4,17/1-3 Soi Prabaramee 4 Patong,\N
OT000638082,638081,Clarian Hotel Patong Beach,71544,Patong beach,136,\N,7.896258192,98.29654775,4,162-162/1-2 Taweewong  Road Patong Beach,\N
OT000852752,852751,The Nature Phuket,71544,Patong beach,136,\N,7.915142974,98.2929068,5,322 Prabaramee Road North Patong Beach,\N
OT000090215,90214,Deevana Plaza Phuket Patong,71544,Patong beach,136,\N,7.885507286,98.29416275,4,239-14 Raj-U-Thid 200 Pee Road Patong 83150,\N
OT000095028,95027,M Social Hotel Phuket,71544,Patong beach,136,\N,7.892076408,98.29876099,5,199 Soi Rat Uthit 200 Pi 1 Pa Tong,\N
OT000227842,227841,The Kee Resort & Spa,71544,Patong beach,136,\N,7.895567313,98.29616368,4,152/1 Thaveewong Road Patong Beach,\N
OT000003924,3923,Deevana Patong Resort & Spa,71544,Patong beach,136,\N,7.900758633,98.30268681,3.5,43/2 Raj-U-Thid 200 Pee Road Patong Beach,\N
OT000006351,6350,Diamond Cliff Resort & Spa,71544,Patong beach,136,\N,7.908293103,98.29722583,5,284 Prabaramee Road Patong Beach,\N
OT000228060,228059,The Haad Tien Beach Resort,71618,Koh tao,136,\N,10.066286,99.832164,4,19/9 Haad Tien Moo 3 Shark Bay,\N
OT000413657,413656,The Beach Club Haad Tien,71618,Koh tao,136,\N,10.06545,99.83203653,4,19/9 Moo 3 Haad Tien (Shark Bay),\N
OT000234238,234237,Eagle Bay,119_5716-LGK_1007,Langkawi,119,\N,6.315654,99.854328,2,33 Persiaran Putera Kuah,\N
OT000548036,548035,Nadias Hotel Cenang Langkawi,119_5716-LGK_1007,Langkawi,119,\N,6.29097249,99.72741079,3,Lot 977 Pantai Cenang,\N
OT000790911,790910,Dash Resort Langkawi,119_5716-LGK_1007,Langkawi,119,\N,6.27168009,99.73206916,4,Jalan Teluk Baru Pantai Tengah,\N
OT000229066,229065,Bella Vista Waterfront Resort & Spa,119_5716-LGK_1007,Langkawi,119,\N,6.323637508,99.84312773,3,Persiaran Mutiara 2 Pusat Dagangan Kelana Mas,\N
OT000259498,259497,The Bayou Hotel,119_5716-LGK_1007,Langkawi,119,\N,6.28525149,99.73289206,3,"Lot 119, Jalan Pantai Tengah Mukim Padang Matsirat",\N
OT000532375,532374,The St. Regis Langkawi,119_5716-LGK_1007,Langkawi,119,\N,6.2959301,99.86243827,5,Jalan Pantai Beringin 07000 Langkawi,\N
OT000669874,669873,Ramada by Wyndham Langkawi Marina,119_5716-LGK_1007,Langkawi,119,\N,6.30291328,99.85165679,3,Jalan Dato Syed Omar 07000 Langkawi,\N
OT000904930,904929,Aloft Langkawi Pantai Tengah,119_5716-LGK_1007,Langkawi,119,\N,6.27219182,99.73352196,4,Lot PT 701 Jalan Pantai Tengah Mukim,\N
OT000975443,975442,Hotel Adya Express Chenang,119_5716-LGK_1007,Langkawi,119,\N,6.2911846,99.7271532,3,Jalan Pantai Cenang Mukim Kedawang,\N
OT001245492,1245491,Mercure Langkawi Pantai Cenang,119_5716-LGK_1007,Langkawi,119,\N,6.29092621,99.72922711,4,Lot 2500 Jalan Pantai Cenang Mukim Kedawang,\N
OT000047498,47497,Four Seasons Resort Langkawi,119_5716-LGK_1007,Langkawi,119,\N,6.446845469,99.80810612,5,Jalan Tanjung Rhu 07000 Langkawi,\N
OT000088105,88104,Wings by Croske Resort Langkawi,119_5716-LGK_1007,Langkawi,119,\N,6.3404022,99.7292686,4,Jalan Lima Padang Matsirat,\N
OT000077358,77357,Resorts World Langkawi,119_5716-LGK_1007,Langkawi,119,\N,6.260884,99.736155,4,Tanjung Malai 07000 Langkawi,\N
OT000540234,540233,Dayang Bay Resort Langkawi,119_5716-LGK_1007,Langkawi,119,\N,6.32483976,99.83556317,4,Persiaran Pelangi 07100 Kelibang,\N
OT000645163,645162,"The Ritz-Carlton, Langkawi",119_5716-LGK_1007,Langkawi,119,\N,6.297708,99.86088,5,Jalan Pantai Kok Teluk Nibong,\N
OT000063479,63478,Berjaya Langkawi Resort,119_5716-LGK_1007,Langkawi,119,\N,6.3669036,99.6674747,5,Karung Berkunci 200 Burau Bay,\N
OT001348237,1348236,Parkroyal Langkawi Resort,119_5716-LGK_1007,Langkawi,119,\N,6.282717,99.7302,5,Pantai Tengah Lot 60199,\N
OT000031785,31784,The Westin Langkawi Resort & Spa,119_5716-LGK_1007,Langkawi,119,\N,6.300793686,99.85515606,5,Jalan Pantai Dato Syed Omar Kedah,\N
OT000018912,18911,Pelangi Beach Resort & Spa,119_5716-LGK_1007,Langkawi,119,\N,6.29922766,99.72085054,5,Pantai Cenang 07000 Langkawi,\N
OT000022536,22535,Tanjung Rhu Resort,119_5716-LGK_1007,Langkawi,119,\N,6.45486388,99.82363845,5,Mukim Ayer Hangat 07000 Langkawi,\N
OT000022736,22735,The Datai Langkawi,119_5716-LGK_1007,Langkawi,119,\N,6.422585563,99.67059195,5,Jalan Teluk Datai 07000 Langkawi,\N
OT000027302,27301,Casa Del Mar,119_5716-LGK_1007,Langkawi,119,\N,6.296632,99.722654,4,Jalan Pantai Cenang Mukim Kedawang,\N
OT000072245,72244,"Rebak Island Resort & Marina, Langkawi",119_5716-LGK_1007,Langkawi,119,\N,6.294386543,99.70028937,4,07000 Langkawi Kedah,\N
OT000063482,63481,The Frangipani Langkawi Resort & Spa,119_5716-LGK_1007,Langkawi,119,\N,6.279219,99.731125,4,Jalan Teluk Baru Pantai Tengah Mukim Kedawang,\N
OT000015924,15923,Holiday Villa Resort & Beachclub Langkawi,119_5716-LGK_1007,Langkawi,119,\N,6.273324402,99.73266363,4,Lot 1698 Pantai Tengah Mukim Kedawang,\N
OT000062870,62869,The Lakehouse,119_15834-XKL_2442,Cameron highlands,119,\N,4.416501169,101.3859558,4,30th Mile Ringlet 39200 Cameron Highlands,\N
OT000227220,227219,Hotel De' La Ferns,119_15834-XKL_2442,Cameron highlands,119,\N,4.481239115,101.3772225,3,Batu 39 Jalan Besar,\N
OT000081883,81882,Heritage Hotel Cameron Highlands,119_15834-XKL_2442,Cameron highlands,119,\N,4.47125593,101.3726006,3,Jalan Gereja Tanah Rata,\N
OT000134307,134306,Century Pines Resort,119_15834-XKL_2442,Cameron highlands,119,\N,4.470477,101.382857,3.5,Lot 42 Jalan Masjid,\N
OT000720000,719999,Avillion Cameron Highlands,119_15834-XKL_2442,Cameron highlands,119,\N,4.46974109,101.3753314,4,C-3 Jalan Camelia Tanah Rata,\N
OT001459714,1459713,Zenith Suites Cameron,119_15834-XKL_2442,Cameron highlands,119,\N,4.468006608,101.3776013,4,2 Jalan Majlis 39000 Tanah Rata,\N
OT000619046,619045,Crockfords,119_15835-XKL_3956,Genting highlands,119,\N,3.42352817,101.7924231,5,69000 Genting Highlands Pahang Darul Makmur,\N
OT000473811,473810,Highlands Hotel,119_15835-XKL_3956,Genting highlands,119,\N,3.423822632,101.7915005,5,69000 Genting Highlands,\N
OT000624860,624859,Grand Ion Delemen Hotel,119_15835-XKL_3956,Genting highlands,119,\N,3.43379797,101.7873506,5,1 Jalan Ion Delemen 69000 Genting Highlands,\N
OT001305953,1305952,Scapes Hotel,119_15835-XKL_3956,Genting highlands,119,\N,3.38663601,101.7738396,4,Jalan Jaya Permai Midhills,\N
OT001139950,1139949,"Swiss-Garden Hotel & Residences, Genting Highlands",119_15835-XKL_3956,Genting highlands,119,\N,3.385793196,101.7759143,4,Windmill Upon Hills Genting Permai,\N
OT001364908,1364907,Le Vert Boutique Hotel,119_15835-XKL_3956,Genting highlands,119,\N,3.38748093,101.7726104,3,P-G-06 Vista residences,\N
OT001427866,1427865,Wyndham Ion Majestic Hotel,119_15835-XKL_3956,Genting highlands,119,\N,3.4350004,101.787333,5,Jalan Grand Ion Majestic 69000 Genting Highlands,\N
OT001455740,1455739,1001 Nights Hotel,119_15835-XKL_3956,Genting highlands,119,\N,3.43504547,101.7873006,5,Jalan Grand Ion Majestic Genting Highlands 69000,\N
OT000087279,87278,Resorts World Awana,119_15835-XKL_3956,Genting highlands,119,\N,3.398941,101.780872,3,KM13 69000 Genting Highlands,\N
OT000087282,87281,First World Hotel,119_15835-XKL_3956,Genting highlands,119,\N,3.425048944,101.793716,3,69000 Genting Highlands Pahang Darul Makmur,\N
OT000473719,473718,Resort Hotel,119_15835-XKL_3956,Genting highlands,119,\N,3.423341595,101.7932621,4,69000 Genting Highlands Pahang Darul Makmur,\N
OT000702401,702400,Mei Hotel,119_7936-PEN_5196,Penang Island,119,\N,5.41762635,100.3233465,3,50 Lorong Abu Siti George Town,\N
OT000082359,82358,Cititel Penang,119_7936-PEN_5196,Penang Island,119,\N,5.421037,100.333207,4,66 Jalan Penang Pulau Pinang 10000,\N
OT000046560,46559,Bayview Georgetown Penang,119_7936-PEN_5196,Penang Island,119,\N,5.421906584,100.3362867,4,25-A Farquhar Street 10200 Penang,\N
OT000046564,46563,Flamingo Hotel by the Beach,119_7936-PEN_5196,Penang Island,119,\N,5.466735046,100.2886051,4,Jalan Tanjung Bungah 11200 Penang,\N
OT000046573,46572,Parkroyal Penang Resort,119_7936-PEN_5196,Penang Island,119,\N,5.472267289,100.2461968,4,Batu Ferringhi Beach 11100 Insel Penang,\N
OT000047496,47495,Eastern & Oriental Penang,119_7936-PEN_5196,Penang Island,119,\N,5.42341,100.316,5,10 Lebuh Farquhar Georgetown,\N
OT000082358,82357,"Gurney Bay Hotel, A Parkroyal Partner Hotel",119_7936-PEN_5196,Penang Island,119,\N,5.430942502,100.3176105,4,53 Persiaran Gurney 10250 Insel Penang,\N
OT000086038,86037,Sunway Georgetown,119_7936-PEN_5196,Penang Island,119,\N,5.414236,100.325882,4,33 New Lane Georgetown,\N
OT000090159,90158,"The Millen Penang, Autograph Collection",119_7936-PEN_5196,Penang Island,119,\N,5.42705037,100.3212413,4,55 Jalan Sultan Ahmad Shah 10050 George Town,\N
OT000095687,95686,G Hotel Gurney,119_7936-PEN_5196,Penang Island,119,\N,5.437536,100.310408,5,168A Persiaran Gurney 10250 Penang,\N
OT000187833,187832,Hard Rock Hotel Penang,119_7936-PEN_5196,Penang Island,119,\N,5.46759,100.241481,4,Batu Ferringhi Beach 11100 Penang,\N
OT000203196,203195,Eastin Penang,119_7936-PEN_5196,Penang Island,119,\N,5.336596,100.306715,4,1 Solok Bayan Indah Queensbay,\N
OT000427328,427327,G Hotel Kelawai,119_7936-PEN_5196,Penang Island,119,\N,5.435547827,100.3099303,5,2 Persiaran Maktab 10250 Penang,\N
OT000018063,18062,M Social Resort Penang,119_7936-PEN_5196,Penang Island,119,\N,5.466927287,100.2922583,4,Jalan Tanjung Bungah Penang 11200,\N
OT000418161,418160,Four Points by Sheraton Puchong,119_15826-KUL_4267,Selangor,119,\N,3.026543218,101.6159178,4,1201 Tower 3 Puchong Financial Corporate Centre (P,\N
OT000497361,497360,Kinrara Resort,119_15826-KUL_4267,Selangor,119,\N,3.037880045,101.6547738,3,6 Jalan Kinrara Bandar Kinrara,\N
OT000936410,936409,Sovotel Puchong,119_15826-KUL_4267,Selangor,119,\N,3.04210419,101.6181147,2,7 Jalan Merbah 3 Bandar Puchong Jaya,\N
OT000064530,64529,Rawi Warin Resort & Spa,136_15805-KBV_8055,Koh lanta,136,\N,7.550841,99.044794,5,139 Moo 8 Koh Lanta Island,\N
OT000003887,3886,The Green Park Resort,136_7899-PYX_4854,Pattaya,136,\N,12.952013,100.8858111,3,240/5 Moo 5 Soi Ping Pa North Pattaya,\N
OT000003895,3894,Sunshine Garden Resort,136_7899-PYX_4854,Pattaya,136,\N,12.9514101,100.8873464,3,240/3 Moo 5 North Pattaya Circle,\N
OT000702128,702127,Royale Chulan Cherating Villa,119_CRX_4994,Cherating,119,\N,4.124319045,103.3989758,4.5,Kampung Cherating Lama 26100 Cherating,\N
OT001124871,1124870,Royale Chulan Cherating Chalet,119_CRX_4994,Cherating,119,\N,4.12535489,103.3983907,3,Kampung Cherating Lama 26100 Cherating,\N
OT000088050,88049,Colmar Tropicale,119_21774_2175,Bukit tinggi,119,\N,3.4009144,101.839573,4,Persimpangan Bertingkat Lebuhraya Karak Km 48 2875,\N
OT000239896,239895,The Chateau Spa & Wellness Resort,119_21774_2175,Bukit tinggi,119,\N,3.4048612,101.8397033,5,Persimpangan Bertingkat Lebuhraya Karak Km 48 2875,\N
OT000533097,533096,Sama-Sama Express Klia2,119_22124_3318,Sepang,119,\N,2.739822691,101.6891319,2.5,L3 Satellite Building KLIA2 Airport Terminal,\N
OT000856394,856393,Mövenpick Hotel and Convention Centre KLIA,119_22124_3318,Sepang,119,\N,2.788930308,101.6786012,5,Jalan Masjid KLIA Kompleks TH Sepang,\N
OT000424618,424617,Sama-Sama Express Hotel KL International Airport,119_22124_3318,Sepang,119,\N,2.746499034,101.7116826,3,Mezzanine Level Satellite A Building,\N
OT000734120,734119,Aerotel Kuala Lumpur,119_22124_3318,Sepang,119,\N,2.74421084,101.6855994,3,Kuala Lumpur International Airport Level 2M,\N
OT000077042,77041,ibis Styles Sepang KLIA,119_22124_3318,Sepang,119,\N,2.76602053,101.6932619,4,1/60 Jalan Klia Klia,\N
OT000018586,18585,Sama-Sama Hotel KL International Airport,119_22124_3318,Sepang,119,\N,2.757768923,101.7037748,4.5,Jalan CTA 4B Kuala Lumpur International Airport,\N
OT001280486,1280485,Sovotel Boutique Hotel @ Usj 9,119_22154_3464,Subang jaya,119,\N,3.0471625,101.5867252,3,Jalan USJ 9/5S 41-1 47610 Subang Jaya,\N
OT000094544,94543,Dorsett Grand Subang,119_22154_3464,Subang jaya,119,\N,3.079625632,101.5967672,5,Jalan SS12/1 47500 Subang Jaya,\N
OT000260048,260047,Tunamaya Beach & Spa Resort Tioman Island,119_22174_3551,Tioman island,119,\N,2.721997,104.186304,4,Lot 20 & 21 Sarang Burung Kampung Mukut,\N
OT000068652,68651,Japamala Resort,119_22174_3551,Tioman island,119,\N,2.74012958,104.1328812,4,Kampung Lanting 86800 Pulau Tioman,\N
OT000159649,159648,Dorsett Grand Labuan,119_21924_3941,Labuan,119,\N,5.275547024,115.2475454,5,462 Jalan Merdeka 87029 Labuan,\N
OT000458099,458098,Lazenda Hotel,119_21924_3941,Labuan,119,\N,5.278106238,115.2468561,3,Jalan OKK Abdullah Block C & D Lazenda Centre,\N
OT000432714,432713,FOX Lite Hotel DPulze Cyberjaya,119_21804_8899,Cyberjaya,119,\N,2.922447853,101.6509396,3,Persiaran Multimedia DPulze Shopping Centre,\N
OT000091729,91728,Cyberview Lodge Resort & Spa,119_21804_8899,Cyberjaya,119,\N,2.924529,101.668003,5,Persiaran Multimedia Cyber 7,\N
OT000419776,419775,Citadines DPulze Cyberjaya,119_21804_8899,Cyberjaya,119,\N,2.92172772,101.6509194,3.5,Lingkaran Cyber Point Timur Cyber 12,\N
OT000046562,46561,Coral Redang Island Resort,119_49319_7403,Redang island,119,\N,5.775728736,103.0328161,3,9 Jalan Kampong Dalam Pantai Pasir Panjang,\N
OT000008847,8846,The Taaras Beach & Spa Resort,119_49319_7403,Redang island,119,\N,5.7846899,103.0143661,5,P.O. Box 126 20928 Kuala Terengganu,\N
OT001301428,1301427,The Stay Chaweng Beach Resort,136_22674_7922,Koh samui,136,\N,9.53405931,100.0674013,3.5,162/5 Moo 2 Chaweng Beach,\N
OT000522149,522148,Best Western Plus Wanda Grand Hotel,136_110695_9425,Nonthaburi,136,\N,13.90383357,100.5308543,4,"111 Chaengwattana Road Moo 4, Klongklua, Pakkred",\N
OT000022535,22534,Tanjong Jara Resort,119_DPBB_1120,Dungun,119,\N,4.756692013,103.4129548,5,Batu 8 off Jalan dungun 23000 Dungun,\N
OT000063553,63552,Resorts World Kijal,119_KQRZ_2386,Kijal,119,\N,4.388560137,103.4558487,4,KM28 Jalan Kemaman-Dungun 24100 Kijal,\N
OT000092853,92852,The Majestic Malacca,119_M8RZ_3494,Malacca(Melaka),119,\N,2.20202668,102.2521681,5,188 Jalan Bunga Raya 75100 Melaka,\N
OT000703013,703012,Hotel Metrasquare,119_M8RZ_3494,Malacca(Melaka),119,\N,2.27646628,102.2932276,3,Jalan Pkak 1 & Pkak 2 Pusat Komersial Ayer Keroh,\N
OT000431476,431475,Noble Resort Hotel Melaka,119_M8RZ_3494,Malacca(Melaka),119,\N,2.187862839,102.2539142,4,1A Jalan Melaka Raya 2 Taman Melaka Raya,\N
OT000556328,556327,ibis Melaka,119_M8RZ_3494,Malacca(Melaka),119,\N,2.197828707,102.2519812,4,249 Jalan Bendahara 75100 Melaka,\N
OT001025493,1025492,Ames Hotel,119_M8RZ_3494,Malacca(Melaka),119,\N,2.27622113,102.2931316,4,Jalan Pkak 2 Pusat Komersial,\N
OT000085716,85715,Puri Melaka,119_M8RZ_3494,Malacca(Melaka),119,\N,2.19651,102.245075,3,118 Jalan Tun Tan Cheng Lock 75200 Melaka,\N
OT000082668,82667,Bayview Hotel Melaka,119_M8RZ_3494,Malacca(Melaka),119,\N,2.201681,102.253105,3.5,Jalan Bendahara 75100 Melaka,\N
OT000300536,300535,Hatten,119_M8RZ_3494,Malacca(Melaka),119,\N,2.189469,102.252542,4,Hatten Square Jalan Merdeka,\N
OT000457438,457437,The Settlement Hotel,119_M8RZ_3494,Malacca(Melaka),119,\N,2.187512647,102.2684068,4,63 Jalan Ujong Pasir World UNESCO Heritage City Me,\N
OT000731386,731385,Hatten Place Melaka,119_M8RZ_3494,Malacca(Melaka),119,\N,2.18226544,102.2621825,4,Jalan Melaka Raya 23 Hatten City,\N
OT000082167,82166,Dusit Princess Melaka,119_M8RZ_3494,Malacca(Melaka),119,\N,2.200624303,102.2524756,5,Jalan Bendahara 75100 Melaka,\N
OT000132769,132768,Hotel Sentral Riverview Melaka,119_M8RZ_3494,Malacca(Melaka),119,\N,2.207961,102.245802,3,177 Jalan Tun Ali 75300 Melaka,\N
OT000227324,227323,Casa del Rio,119_M8RZ_3494,Malacca(Melaka),119,\N,2.193901,102.246808,5,88 Jalan Kota Laksamana 75200 Melaka,\N
OT000278802,278801,The Orchard Wellness & Health Resort Malaysia,119_M8RZ_3494,Malacca(Melaka),119,\N,2.416368789,102.1302794,6,63 Jalan Solok Uban Kampung Brisu,\N
OT000431242,431241,Swiss-Garden Hotel Melaka,119_M8RZ_3494,Malacca(Melaka),119,\N,2.202951419,102.2502797,4,Jalan Persisiran Bunga Raya T2-4 The Shore @ Melak,\N
OT000476965,476964,The Pines Melaka,119_M8RZ_3494,Malacca(Melaka),119,\N,2.204710955,102.252275,4,33 Jalan Tun Sri Lanang 75100 Melaka,\N
OT000533521,533520,The Imperial Heritage Melaka,119_M8RZ_3494,Malacca(Melaka),119,\N,2.1899112,102.2532061,4,1 Jalan Merdeka 75000 Melaka,\N
OT000701672,701671,Rosa Malacca,119_M8RZ_3494,Malacca(Melaka),119,\N,2.18897647,102.2586983,4,212 Jalan Parameswara 75000 Melaka,\N
OT001428011,1428010,Parkroyal A__amosa Melaka Resort,119_M8RZ_3494,Malacca(Melaka),119,\N,2.44424051,102.2099292,4,Jalan Kemus Simpang Ampat,\N
OT000088112,88111,Sentral Melaka,119_M8RZ_3494,Malacca(Melaka),119,\N,2.203852,102.253376,3,20 Jalan Tun Sri Lanang 75100 Melaka,\N
OT000218785,218784,The Baba House,119_M8RZ_3494,Malacca(Melaka),119,\N,2.196325,102.244914,2.5,121-127 Jalan Tun Tan Cheng Lock 75200 Malacca,\N
OT000596719,596718,The Shore Hotel & Residences,119_M8RZ_3494,Malacca(Melaka),119,\N,2.20277589,102.2499365,3,193 Jalan Persisiran Bunga Raya Level GF-27,\N
OT000496801,496800,The Light Hotel,119_SW9H_6599,Seberang jaya,119,\N,5.394316875,100.3990192,5,Lebuh Tenggiri 2 Bandar Seberang Jaya,\N
OT000946369,946368,Village Hotel Sentosa,130_SOPL_4995,Sentosa,130,\N,1.2523958,103.8201982,4,10 Artillery Avenue 02-01 Palawan Ridge,\N
OT000060894,60893,Mutiara Taman Negara,119_280495_9386,Kuala tahan,119,\N,4.38487949,102.4007434,3,Jerantut Pahang,\N
OT000020699,20698,Mulu Marriott Resort & Spa,119_49279_835248_106820,Mulu,119,\N,4.029990832,114.7994666,5,Sungai Melinau P.O. Box 1145,\N
OT000022663,22662,Thavorn Palm Beach,136_123509_140347_107381,Karon,136,\N,7.835937,98.296381,4,311 Patak Road Karon Beach,\N
OT000681666,681665,CasaBay Luxury Pool Villas,136_133693_423079_107382,Rawai,136,\N,7.809637163,98.32788807,4,56/65 Viset Road Soi Suksan 2 Moo 4 Rawai,\N
OT000865358,865357,The Beachfront Hotel Phuket,136_133693_423079_107382,Rawai,136,\N,7.802730788,98.33623214,4,25/46 Moo 5 Viset Road Rawai,\N
OT000731626,731625,Hotel Clover Patong,136_123223_551144_107385,Kathu,136,\N,7.895810979,98.2964395,4,162/8-11 Taweewong Road Patong Beach,\N
OT000182834,182833,Metadee Concept Hotel,136_145896_538032_107390,Kata beach,136,\N,7.819289742,98.30319634,3,66 Kata Road Tambon Karon,\N
OT000022662,22661,Thavorn Beach Village Resort,136_122401_715374_107404,Kamala beach,136,\N,7.926764,98.272506,4,6/2 Moo 6 Kathu,\N
OT000264376,264375,Langkawi Seaview Hotel,119_124311_355867_107456,Kuah,119,\N,6.314885,99.855884,3,Lot 40 Jalan Penarak 07000 Kuah,\N
OT000366580,366579,Simfoni Resort,119_124311_355867_107456,Kuah,119,\N,6.325472604,99.83494645,4,Lot 3 Jalan Taman Pelangi Kelibang,\N
OT000085205,85204,Bayview Langkawi,119_124311_355867_107456,Kuah,119,\N,6.323185,99.849074,4,1 Jalan Pandak Mayah Pusat Bandar Kuah,\N
OT000458973,458972,Adya Hotel Langkawi,119_124311_355867_107456,Kuah,119,\N,6.32662209,99.83989798,3,"1 PT, 4001 Persiaran Mutiara 2 Mukim Kuah",\N
OT000247850,247849,Hotel Bahagia,119_124311_355867_107456,Kuah,119,\N,6.326740619,99.84285305,3,68-78 Persiaran Bunga Raya Langkawi Mall,\N
OT000088104,88103,Grand Continental Langkawi,119_124311_355867_107456,Kuah,119,\N,6.327541,99.83695,3,Lot 398 MK. Kuah,\N
OT000545902,545901,Somerset Medini Iskandar Puteri,119_31655_154347_107504,Iskandar puteri,119,\N,1.427816,103.634839,4,4 Jalan Medini Utara Lot 5,\N
OT000426133,426132,Trinidad Suites Johor Trademark Collection by Wyndham,119_31655_154347_107504,Iskandar puteri,119,\N,1.418829616,103.6565491,4,Persiaran Puteri Selatan Puteri Harbour,\N
OT000973529,973528,Classic Hotel,119_106028_62232_107919,Muar,119,\N,2.04502758,102.56688,3,69 Jalan Ali 84000 Muar,\N
OT000227465,227464,The Danna Langkawi Resort & Beach Villas,119_4222_228458_137719,Pantai Cenang,119,\N,6.36818953,99.6810843,5,Telaga Harbour Park Pantai Kok,\N
OT001426900,1426899,The RIYAZ Lavanya Langkawi,119_4222_228458_137719,Pantai Cenang,119,\N,6.276878152,99.73252501,5,Jalan Teluk Baru Langkawi,\N
OT000015927,15926,Langkapuri Resort Langkawi,119_4222_228458_137719,Pantai Cenang,119,\N,6.289454002,99.72772768,3,Lot PT 895 07000 Pantai Cenang,\N
OT001211467,1211466,Park Inn by Radisson Putrajaya,119_65790_2412,Kajang,119,\N,2.9789375,101.7376875,4,Jalan Universiti Taman Unipark Suria,\N
OT000601729,601728,Iconic Hotel Penang,119_c6301653_29695_138118,Bukit Mertajam,119,\N,5.34233824,100.4330742,4,71 Jalan Icon City Icon City,\N
OT000427332,427331,Pangkor Coral Bay Resort,119_147087_834851_138233,Pangkur,119,\N,4.210220222,100.560077,3,Lot 34 Pasir Bogak 32300 Pangkor,\N
OT001280356,1280355,AVI Pangkor Beach Resort,119_147087_834851_138233,Pangkur,119,\N,4.21221774,100.5555977,3,PT1130 Jalan Pasir Bogak 32300 Pangkor,\N
OT000018596,18595,Pangkor Laut Resort,119_147087_834851_138233,Pangkur,119,\N,4.196325235,100.5461025,5,Pangkor Laut Island 32200 Lumut,\N
OT000418161,418160,Four Points by Sheraton Puchong,119_117032_776835_138874,Puchong,119,\N,3.026543218,101.6159178,4,1201 Tower 3 Puchong Financial Corporate Centre (P,\N
OT000497361,497360,Kinrara Resort,119_117032_776835_138874,Puchong,119,\N,3.037880045,101.6547738,3,6 Jalan Kinrara Bandar Kinrara,\N
OT000936410,936409,Sovotel Puchong,119_117032_776835_138874,Puchong,119,\N,3.04210419,101.6181147,2,7 Jalan Merbah 3 Bandar Puchong Jaya,\N
OT001352845,1352844,Amari Spice Penang,119_20839_209032_139043,Bayan Lepas,119,\N,5.33055498,100.2814925,5,2 Persiaran Mahsuri 11900 Bayan Lepas,\N
OT000455878,455877,Raia Inn Penang,119_20839_209032_139043,Bayan Lepas,119,\N,5.300614987,100.2607521,3,Lot 5789 & 5790 Jalan Dato Ismail Hashim Kompleks ,\N
OT000560286,560285,Lexis Suites Penang,119_20839_209032_139043,Bayan Lepas,119,\N,5.28724361,100.2327909,5,28 Jalan Teluk Kumbar 11920 Bayan Lepas,\N
OT001447005,1447004,Iconic Marjorie Hotel Penang A Tribute Portfolio Hotel,119_20839_209032_139043,Bayan Lepas,119,\N,5.33765048,100.2986005,5,239A Jalan Sultan Azlan Shah 11900 Bayan Lepas,\N
OT000753712,753711,Tunamaya Beach And Spa Resort Desaru Coast,119_162112_275159_139510,Kota Tinggi,119,\N,1.55721082,104.2554135,3.5,Bandar Penawar 81930 Kota Tinggi,\N
OT000241695,241694,Lotus Desaru Beach Resort,119_162112_275159_139510,Kota Tinggi,119,\N,1.563673,104.249696,4,"1854, Jalan Desaru Bandar Penawar",\N
OT000172007,172006,Villea Rompin Resort & Golf,119_211414_402240_139511,Kuala Rompin,119,\N,2.85317,103.457839,4,Kampung Lanjut 26800 Kuala Rompin,\N
OT001398361,1398360,The Boathouse Pulau Tioman,119_211414_402240_139511,Kuala Rompin,119,\N,2.74070262,104.131693,5,Lot 7108 Kampung Nipah,\N
OT001065725,1065724,Lotus Seaview Beach Resort,119_211669_616014_139515,Pengerang,119,\N,1.38190723,104.2788954,3,Lot 1272 Tanjung Punggai Sungai Renggit,\N
OT000072542,72541,Sutra Beach Resort,119_106034_654974_140405,Merang,119,\N,5.517124,102.979759,3,Kampung Rhu Tapai 21010 Merang,\N
OT000072001,72000,Cameron Highlands Resort,119_119_30038036_624928_137490_533022_140634,Tanah Rata,119,\N,4.487792608,101.3788069,5,By The Golf Course 39000 Tanah Rata,\N
OT000073143,73142,Strawberry Park Resort,119_119_30038036_624928_137490_533022_140634,Tanah Rata,119,\N,4.495371,101.379674,4,Lot 195 & 196 39000 Tanah Rata,\N
OT001301574,1301573,Zenith Hotel Cameron,119_119_30038036_624928_137490_533022_140634,Tanah Rata,119,\N,4.468721399,101.3778935,3.5,Jalan Majlis 39000 Tanah Rata,\N